{"cameraMode":{"drawMode":0,"name":"Shaded","section":"Shading Mode"},"sceneLighting":false,"audioPlay":false,"sceneViewState":{"m_AlwaysRefresh":false,"showFog":true,"showSkybox":false,"showFlares":true,"showImageEffects":true,"showParticleSystems":true,"showVisualEffectGraphs":true,"m_FxEnabled":true},"in2DMode":false,"pivot":{"x":-0.7100000381469727,"y":3.6100001335144045,"z":37.2400016784668},"rotation":{"x":0.023999573662877084,"y":-0.003886781632900238,"z":0.00010022144124377519,"w":0.9997196197509766},"size":8.064638137817383,"orthographic":false}