{"cameraMode":{"drawMode":0,"name":"Shaded","section":"Shading Mode"},"sceneLighting":false,"audioPlay":false,"sceneViewState":{"m_AlwaysRefresh":false,"showFog":true,"showSkybox":false,"showFlares":true,"showImageEffects":true,"showParticleSystems":true,"showVisualEffectGraphs":true,"m_FxEnabled":true},"in2DMode":false,"pivot":{"x":0.03511405363678932,"y":0.7438110113143921,"z":0.2694156765937805},"rotation":{"x":-0.004400742705911398,"y":-0.9908826947212219,"z":0.13095571100711823,"w":-0.03296104446053505},"size":2.7395577430725099,"orthographic":false}