{"cameraMode":{"drawMode":0,"name":"Shaded","section":"Shading Mode"},"sceneLighting":false,"audioPlay":false,"sceneViewState":{"m_AlwaysRefresh":false,"showFog":true,"showSkybox":false,"showFlares":true,"showImageEffects":true,"showParticleSystems":true,"showVisualEffectGraphs":true,"m_FxEnabled":true},"in2DMode":false,"pivot":{"x":0.03511405363678932,"y":0.7438110113143921,"z":0.2694156765937805},"rotation":{"x":0.1388106644153595,"y":-0.18944643437862397,"z":0.027103174477815629,"w":0.9717008471488953},"size":1.5711275339126588,"orthographic":false}