{"cameraMode":{"drawMode":0,"name":"Shaded","section":"Shading Mode"},"sceneLighting":true,"audioPlay":false,"sceneViewState":{"m_AlwaysRefresh":false,"showFog":true,"showSkybox":false,"showFlares":true,"showImageEffects":true,"showParticleSystems":true,"showVisualEffectGraphs":true,"m_FxEnabled":true},"in2DMode":false,"pivot":{"x":-0.019999980926513673,"y":7.470000267028809,"z":4.9800004959106449},"rotation":{"x":0.009675624780356884,"y":-0.9898681044578552,"z":0.11424160748720169,"w":0.0842733159661293},"size":2.008399248123169,"orthographic":false}