{"cameraMode":{"drawMode":0,"name":"Shaded","section":"Shading Mode"},"sceneLighting":true,"audioPlay":false,"sceneViewState":{"m_AlwaysRefresh":false,"showFog":true,"showSkybox":true,"showFlares":true,"showImageEffects":true,"showParticleSystems":true,"showVisualEffectGraphs":true,"m_FxEnabled":true},"in2DMode":false,"pivot":{"x":32.674888610839847,"y":5.267612934112549,"z":-25.098392486572267},"rotation":{"x":0.07233958691358566,"y":0.9276337027549744,"z":-0.24652279913425446,"w":0.2713913023471832},"size":11.025196075439454,"orthographic":false}