{"cameraMode":{"drawMode":0,"name":"Shaded","section":"Shading Mode"},"sceneLighting":true,"audioPlay":false,"sceneViewState":{"m_AlwaysRefresh":false,"showFog":true,"showSkybox":true,"showFlares":true,"showImageEffects":true,"showParticleSystems":true,"showVisualEffectGraphs":true,"m_FxEnabled":false},"in2DMode":false,"pivot":{"x":11.736932754516602,"y":21.615745544433595,"z":-15.228198051452637},"rotation":{"x":0.22307941317558289,"y":0.015208141878247261,"z":-0.0034806907642632725,"w":0.9746764302253723},"size":16.36893081665039,"orthographic":false}