{"cameraMode":{"drawMode":0,"name":"Shaded","section":"Shading Mode"},"sceneLighting":true,"audioPlay":false,"sceneViewState":{"m_AlwaysRefresh":false,"showFog":true,"showSkybox":true,"showFlares":true,"showImageEffects":true,"showParticleSystems":true,"showVisualEffectGraphs":true,"m_FxEnabled":false},"in2DMode":false,"pivot":{"x":923.4459838867188,"y":707.0661010742188,"z":4.69053840637207},"rotation":{"x":0.012897094711661339,"y":0.008998765610158444,"z":-0.00011575347889447585,"w":0.9998835325241089},"size":913.5953979492188,"orthographic":false}