{"cameraMode":{"drawMode":0,"name":"Shaded","section":"Shading Mode"},"sceneLighting":true,"audioPlay":false,"sceneViewState":{"m_AlwaysRefresh":false,"showFog":true,"showSkybox":true,"showFlares":true,"showImageEffects":true,"showParticleSystems":true,"showVisualEffectGraphs":true,"m_FxEnabled":true},"in2DMode":false,"pivot":{"x":25.010086059570314,"y":17.283123016357423,"z":28.010494232177736},"rotation":{"x":0.05366702377796173,"y":-0.9373295903205872,"z":0.16708102822303773,"w":0.3010757565498352},"size":4.839870929718018,"orthographic":false}