{"cameraMode":{"drawMode":0,"name":"Shaded","section":"Shading Mode"},"sceneLighting":true,"audioPlay":false,"sceneViewState":{"m_AlwaysRefresh":false,"showFog":true,"showSkybox":true,"showFlares":true,"showImageEffects":true,"showParticleSystems":true,"showVisualEffectGraphs":true,"m_FxEnabled":true},"in2DMode":false,"pivot":{"x":-3.3050615787506105,"y":4.196925640106201,"z":21.059803009033204},"rotation":{"x":-0.4382573068141937,"y":0.07588660717010498,"z":-0.03715205565094948,"w":-0.8948909044265747},"size":34.949344635009769,"orthographic":false}