{"cameraMode":{"drawMode":0,"name":"Shaded","section":"Shading Mode"},"sceneLighting":true,"audioPlay":false,"sceneViewState":{"m_AlwaysRefresh":false,"showFog":true,"showSkybox":true,"showFlares":true,"showImageEffects":true,"showParticleSystems":true,"showVisualEffectGraphs":true,"m_FxEnabled":true},"in2DMode":false,"pivot":{"x":10.303455352783204,"y":18.9991512298584,"z":12.612896919250489},"rotation":{"x":0.11540738493204117,"y":-0.7700588703155518,"z":0.14564092457294465,"w":0.6103925108909607},"size":0.6297498345375061,"orthographic":false}