{"cameraMode":{"drawMode":0,"name":"Shaded","section":"Shading Mode"},"sceneLighting":true,"audioPlay":false,"sceneViewState":{"m_AlwaysRefresh":false,"showFog":true,"showSkybox":true,"showFlares":true,"showImageEffects":true,"showParticleSystems":true,"showVisualEffectGraphs":true,"m_FxEnabled":true},"in2DMode":false,"pivot":{"x":6.216014385223389,"y":10.371984481811524,"z":16.864164352416993},"rotation":{"x":-0.12436620146036148,"y":-0.8737993836402893,"z":0.30076321959495547,"w":-0.3613192141056061},"size":11.330377578735352,"orthographic":false}