{"cameraMode":{"drawMode":0,"name":"Shaded","section":"Shading Mode"},"sceneLighting":true,"audioPlay":false,"sceneViewState":{"m_AlwaysRefresh":false,"showFog":true,"showSkybox":true,"showFlares":true,"showImageEffects":true,"showParticleSystems":true,"showVisualEffectGraphs":true,"m_FxEnabled":false},"in2DMode":false,"pivot":{"x":-6.426149845123291,"y":19.087665557861329,"z":-8.531583786010743},"rotation":{"x":0.2647321820259094,"y":0.20686644315719605,"z":-0.058255404233932498,"w":0.9400701522827148},"size":14.658988952636719,"orthographic":false}