{"cameraMode":{"drawMode":0,"name":"Shaded","section":"Shading Mode"},"sceneLighting":true,"audioPlay":false,"sceneViewState":{"m_AlwaysRefresh":false,"showFog":true,"showSkybox":true,"showFlares":true,"showImageEffects":true,"showParticleSystems":true,"showVisualEffectGraphs":true,"m_FxEnabled":true},"in2DMode":false,"pivot":{"x":-13.520000457763672,"y":6.533999919891357,"z":32.709999084472659},"rotation":{"x":0.4846573770046234,"y":-0.30681127309799197,"z":0.18642352521419526,"w":0.7976397275924683},"size":1.3865065574645997,"orthographic":false}