{"cameraMode":{"drawMode":0,"name":"Shaded","section":"Shading Mode"},"sceneLighting":false,"audioPlay":false,"sceneViewState":{"m_AlwaysRefresh":false,"showFog":true,"showSkybox":false,"showFlares":true,"showImageEffects":true,"showParticleSystems":true,"showVisualEffectGraphs":true,"m_FxEnabled":true},"in2DMode":false,"pivot":{"x":25.10099983215332,"y":15.470206260681153,"z":27.267000198364259},"rotation":{"x":0.18574729561805726,"y":0.3756972551345825,"z":-0.07712782174348831,"w":0.9046729803085327},"size":18.865610122680665,"orthographic":false}