{"cameraMode":{"drawMode":0,"name":"Shaded","section":"Shading Mode"},"sceneLighting":false,"audioPlay":false,"sceneViewState":{"m_AlwaysRefresh":false,"showFog":true,"showSkybox":false,"showFlares":true,"showImageEffects":true,"showParticleSystems":true,"showVisualEffectGraphs":true,"m_FxEnabled":true},"in2DMode":false,"pivot":{"x":23.047000885009767,"y":12.361957550048829,"z":19.040000915527345},"rotation":{"x":0.2414703369140625,"y":0.10811255127191544,"z":-0.026881517842411996,"w":0.9640722274780273},"size":4.311346530914307,"orthographic":false}