{"cameraMode":{"drawMode":0,"name":"Shaded","section":"Shading Mode"},"sceneLighting":false,"audioPlay":false,"sceneViewState":{"m_AlwaysRefresh":false,"showFog":true,"showSkybox":false,"showFlares":true,"showImageEffects":true,"showParticleSystems":true,"showVisualEffectGraphs":true,"m_FxEnabled":true},"in2DMode":false,"pivot":{"x":11.378072738647461,"y":1.108368158340454,"z":0.000001430511474609375},"rotation":{"x":0.28189578652381899,"y":0.23301762342453004,"z":-0.07078147679567337,"w":0.9280351400375366},"size":9.023565292358399,"orthographic":false}