{"cameraMode":{"drawMode":0,"name":"Shaded","section":"Shading Mode"},"sceneLighting":true,"audioPlay":false,"sceneViewState":{"m_AlwaysRefresh":false,"showFog":true,"showSkybox":false,"showFlares":true,"showImageEffects":true,"showParticleSystems":true,"showVisualEffectGraphs":true,"m_FxEnabled":true},"in2DMode":false,"pivot":{"x":-0.0005390048027038574,"y":0.14657819271087647,"z":0.030871272087097169},"rotation":{"x":0.3168952465057373,"y":0.015648169443011285,"z":-0.005229300819337368,"w":0.948317289352417},"size":0.9925847053527832,"orthographic":false}